Timestamp,Source IP,Attack Type,Total Packets,Total Bytes,Country
2024-10-18 14:33:29,152.58.203.2,SYN flood,1,60,India
2024-10-18 14:33:29,31.33.105.44,SYN flood,3,60,France
2024-10-18 14:33:29,147.154.203.84,SYN flood,5,60,Germany
2024-10-18 14:33:29,204.125.179.166,SYN flood,7,60,United States
2024-10-18 14:33:29,69.171.60.103,SYN flood,9,60,United States
2024-10-18 14:33:29,57.218.162.22,SYN flood,11,60,Belgium
2024-10-18 14:33:29,180.126.182.124,SYN flood,13,60,China
2024-10-18 14:33:29,59.69.172.29,SYN flood,15,60,China
2024-10-18 14:33:29,23.205.122.5,SYN flood,17,60,United States
2024-10-18 14:33:29,20.71.223.143,SYN flood,19,60,Netherlands
2024-10-18 14:33:29,197.123.147.124,SYN flood,21,60,Egypt
2024-10-18 14:33:29,9.171.205.65,SYN flood,23,60,Canada
2024-10-18 14:33:29,3.155.223.161,SYN flood,25,60,United States
2024-10-18 14:33:29,53.174.37.208,SYN flood,27,60,Germany
2024-10-18 14:33:29,199.51.90.43,SYN flood,29,60,United States
2024-10-18 14:33:29,110.121.8.174,SYN flood,31,60,China
2024-10-18 14:33:29,97.56.20.107,SYN flood,33,60,United States
2024-10-18 14:33:29,80.81.215.66,SYN flood,35,60,Russia
2024-10-18 14:33:29,50.65.183.178,SYN flood,37,60,Canada
2024-10-18 14:33:29,75.147.176.178,SYN flood,39,60,United States
2024-10-18 14:33:29,145.57.30.118,SYN flood,41,60,The Netherlands
2024-10-18 14:33:29,16.108.91.125,SYN flood,43,60,United States
2024-10-18 14:33:29,195.28.145.65,SYN flood,45,60,Slovakia
2024-10-18 14:33:29,16.222.61.68,SYN flood,47,60,United States
2024-10-18 14:33:29,108.214.60.164,SYN flood,49,60,United States
2024-10-18 14:33:29,94.216.131.118,SYN flood,51,60,Germany
2024-10-18 14:33:29,89.71.36.43,SYN flood,53,60,Poland
2024-10-18 14:33:29,48.106.217.105,SYN flood,55,60,United States
2024-10-18 14:33:29,37.64.16.61,SYN flood,57,60,France
2024-10-18 14:33:29,88.118.170.32,SYN flood,59,60,Lithuania
2024-10-18 14:33:29,32.163.145.1,SYN flood,61,60,United States
2024-10-18 14:33:29,122.54.1.40,SYN flood,63,60,Philippines
2024-10-18 14:33:29,123.165.158.6,SYN flood,65,60,China
2024-10-18 14:33:29,2.57.5.54,SYN flood,67,60,Spain
2024-10-18 14:33:29,122.127.172.54,SYN flood,69,60,Taiwan
2024-10-18 14:33:29,32.29.8.159,SYN flood,71,60,United States
2024-10-18 14:33:29,29.176.112.5,SYN flood,73,60,United States
2024-10-18 14:33:29,83.127.68.205,SYN flood,75,60,Germany
2024-10-18 14:33:29,84.61.184.168,SYN flood,77,60,Germany
2024-10-18 14:33:29,73.171.176.160,SYN flood,79,60,United States
2024-10-18 14:33:29,182.208.105.153,SYN flood,81,60,South Korea
2024-10-18 14:33:29,126.56.90.159,SYN flood,83,60,Japan
2024-10-18 14:33:29,126.11.67.132,SYN flood,85,60,Japan
2024-10-18 14:33:29,206.170.190.108,SYN flood,87,60,United States
2024-10-18 14:33:29,90.78.152.157,SYN flood,89,60,France
2024-10-18 14:33:29,45.23.40.61,SYN flood,91,60,United States
2024-10-18 14:33:29,121.153.5.222,SYN flood,93,60,South Korea
2024-10-18 14:33:29,119.60.194.195,SYN flood,95,60,China
2024-10-18 14:33:29,135.37.177.78,SYN flood,97,60,United States
2024-10-18 14:33:29,195.22.133.207,SYN flood,99,60,Ukraine
2024-10-18 14:33:29,62.69.197.14,SYN flood,101,60,Poland
2024-10-18 14:33:29,107.101.92.76,SYN flood,103,60,United States
2024-10-18 14:33:29,151.64.119.167,SYN flood,105,60,Italy
2024-10-18 14:33:29,131.75.145.47,SYN flood,107,60,United States
2024-10-18 14:33:29,54.59.190.72,SYN flood,109,60,United States
2024-10-18 14:33:29,119.61.9.197,SYN flood,111,60,China
2024-10-18 14:33:29,132.160.29.69,SYN flood,113,60,United States
2024-10-18 14:33:29,117.20.156.176,SYN flood,115,60,Singapore
2024-10-18 14:33:29,198.203.137.36,SYN flood,117,60,United States
2024-10-18 14:33:29,102.125.14.144,SYN flood,119,60,Sudan
2024-10-18 14:33:29,139.152.47.32,SYN flood,121,60,Japan
2024-10-18 14:33:29,211.144.10.221,SYN flood,123,60,China
2024-10-18 14:33:29,110.69.160.163,SYN flood,125,60,South Korea
2024-10-18 14:33:29,126.160.161.131,SYN flood,127,60,Japan
2024-10-18 14:33:29,160.199.68.11,SYN flood,129,60,Japan
2024-10-18 14:33:29,89.185.102.198,SYN flood,131,60,Austria
2024-10-18 14:33:29,72.139.119.213,SYN flood,133,60,Canada
2024-10-18 14:33:29,75.193.64.216,SYN flood,135,60,United States
2024-10-18 14:33:29,154.33.193.182,SYN flood,137,60,Japan
2024-10-18 14:33:29,156.97.62.87,SYN flood,139,60,Chile
2024-10-18 14:33:29,30.113.196.87,SYN flood,141,60,United States
2024-10-18 14:33:29,195.178.42.157,SYN flood,143,60,Serbia
2024-10-18 14:33:29,147.42.26.47,SYN flood,145,60,United States
2024-10-18 14:33:29,7.147.31.206,SYN flood,147,60,United States
2024-10-18 14:33:29,20.64.220.151,SYN flood,149,60,United States
2024-10-18 14:33:29,211.198.159.157,SYN flood,151,60,South Korea
2024-10-18 14:33:29,130.122.2.20,SYN flood,153,60,United States
2024-10-18 14:33:29,129.171.181.107,SYN flood,155,60,United States
2024-10-18 14:33:29,76.101.2.50,SYN flood,157,60,United States
2024-10-18 14:33:29,187.187.171.193,SYN flood,159,60,Mexico
2024-10-18 14:33:29,9.169.178.202,SYN flood,161,60,United Kingdom
2024-10-18 14:33:29,12.83.208.162,SYN flood,163,60,United States
2024-10-18 14:33:29,44.172.122.151,SYN flood,165,60,United States
2024-10-18 14:33:29,71.184.60.73,SYN flood,167,60,United States
2024-10-18 14:33:29,19.38.21.13,SYN flood,169,60,United States
2024-10-18 14:33:29,146.34.85.13,SYN flood,171,60,United States
2024-10-18 14:33:29,4.11.53.94,SYN flood,173,60,United States
2024-10-18 14:33:29,193.23.196.136,SYN flood,175,60,Germany
2024-10-18 14:33:29,144.43.99.10,SYN flood,177,60,The Netherlands
2024-10-18 14:33:29,64.74.165.193,SYN flood,179,60,United States
2024-10-18 14:33:29,199.54.64.138,SYN flood,181,60,United States
2024-10-18 14:33:29,11.79.24.206,SYN flood,183,60,United States
2024-10-18 14:33:29,79.81.149.165,SYN flood,185,60,France
2024-10-18 14:33:29,132.125.149.76,SYN flood,187,60,United States
2024-10-18 14:33:29,146.126.59.205,SYN flood,189,60,United States
2024-10-18 14:33:29,56.75.129.139,SYN flood,191,60,United States
2024-10-18 14:33:29,22.154.219.184,SYN flood,193,60,United States
2024-10-18 14:33:29,223.71.87.71,SYN flood,195,60,China
2024-10-18 14:33:29,153.124.23.223,SYN flood,197,60,Japan
2024-10-18 14:33:29,175.14.75.50,SYN flood,199,60,China
2024-10-18 14:33:29,190.106.111.91,SYN flood,201,60,Argentina
2024-10-18 14:33:29,98.28.97.58,SYN flood,203,60,United States
2024-10-18 14:33:29,186.214.201.125,SYN flood,205,60,Brazil
2024-10-18 14:33:29,195.158.134.33,SYN flood,207,60,Germany
2024-10-18 14:33:29,151.149.173.131,SYN flood,209,60,Canada
2024-10-18 14:33:29,170.152.74.120,SYN flood,211,60,United States
2024-10-18 14:33:29,202.215.117.181,SYN flood,213,60,Japan
2024-10-18 14:33:29,46.128.94.180,SYN flood,215,60,Germany
2024-10-18 14:33:29,88.58.146.67,SYN flood,217,60,Italy
2024-10-18 14:33:29,210.52.141.161,SYN flood,219,60,China
2024-10-18 14:33:29,41.212.58.146,SYN flood,221,60,Kenya
2024-10-18 14:33:29,211.68.40.185,SYN flood,223,60,China
2024-10-18 14:33:29,16.2.76.174,SYN flood,225,60,United States
2024-10-18 14:33:29,47.32.94.76,SYN flood,227,60,United States
2024-10-18 14:33:29,34.133.41.98,SYN flood,229,60,United States
2024-10-18 14:33:29,119.63.121.4,SYN flood,231,60,Japan
2024-10-18 14:33:29,92.182.118.84,SYN flood,233,60,France
2024-10-18 14:33:29,177.181.146.153,SYN flood,235,60,Brazil
2024-10-18 14:33:29,115.96.170.9,SYN flood,237,60,India
2024-10-18 14:33:29,121.5.26.87,SYN flood,239,60,China
2024-10-18 14:33:29,7.53.16.163,SYN flood,241,60,United States
2024-10-18 14:33:29,122.84.144.97,SYN flood,243,60,China
2024-10-18 14:33:29,14.63.99.128,SYN flood,245,60,South Korea
2024-10-18 14:33:29,120.31.26.80,SYN flood,247,60,China
2024-10-18 14:33:29,95.164.57.175,SYN flood,249,60,Ukraine
2024-10-18 14:33:29,35.205.68.73,SYN flood,251,60,Belgium
2024-10-18 14:33:29,163.18.80.166,SYN flood,253,60,Taiwan
2024-10-18 14:33:29,117.180.30.38,SYN flood,255,60,China
2024-10-18 14:33:29,148.69.38.196,SYN flood,257,60,Portugal
2024-10-18 14:33:29,106.100.206.14,SYN flood,259,60,South Korea
2024-10-18 14:33:29,94.217.177.9,SYN flood,261,60,Germany
2024-10-18 14:33:29,192.163.149.94,SYN flood,263,60,Finland
2024-10-18 14:33:29,45.80.142.28,SYN flood,265,60,Germany
2024-10-18 14:33:29,97.91.214.92,SYN flood,267,60,United States
2024-10-18 14:33:29,10.53.195.213,SYN flood,269,60,Unknown
2024-10-18 14:33:29,13.30.123.110,SYN flood,271,60,United States
2024-10-18 14:33:29,29.28.44.216,SYN flood,273,60,United States
2024-10-18 14:33:29,48.202.29.90,SYN flood,275,60,United Kingdom
2024-10-18 14:33:29,167.199.70.19,SYN flood,277,60,United States
2024-10-18 14:33:29,160.111.69.135,SYN flood,279,60,United States
2024-10-18 14:33:29,87.89.153.59,SYN flood,281,60,France
2024-10-18 14:33:29,97.163.140.175,SYN flood,283,60,United States
2024-10-18 14:33:29,146.148.93.23,SYN flood,285,60,United States
2024-10-18 14:33:29,23.209.49.102,SYN flood,287,60,United States
2024-10-18 14:33:29,105.206.124.55,SYN flood,289,60,Egypt
2024-10-18 14:33:29,140.111.212.223,SYN flood,291,60,Taiwan
2024-10-18 14:33:29,76.65.85.27,SYN flood,293,60,Canada
2024-10-18 14:33:29,38.95.199.39,SYN flood,295,60,United States
2024-10-18 14:33:29,59.66.93.26,SYN flood,297,60,China
2024-10-18 14:33:29,57.31.174.217,SYN flood,299,60,United Kingdom
2024-10-18 14:33:29,31.25.79.185,SYN flood,301,60,Palestine
2024-10-18 14:33:29,116.128.84.1,SYN flood,303,60,China
2024-10-18 14:33:29,72.16.119.169,SYN flood,305,60,United States
2024-10-18 14:33:29,185.26.184.5,SYN flood,307,60,Azerbaijan
2024-10-18 14:33:29,188.152.201.122,SYN flood,309,60,Italy
2024-10-18 14:33:29,55.173.3.191,SYN flood,311,60,United States
2024-10-18 14:33:29,176.84.98.23,SYN flood,313,60,Spain
2024-10-18 14:33:29,71.163.123.118,SYN flood,315,60,United States
2024-10-18 14:33:29,181.16.38.164,SYN flood,317,60,Argentina
2024-10-18 14:33:29,193.210.58.173,SYN flood,319,60,Finland
2024-10-18 14:33:29,82.6.197.175,SYN flood,321,60,United Kingdom
2024-10-18 14:33:29,51.75.149.6,SYN flood,323,60,Germany
2024-10-18 14:33:29,35.65.193.60,SYN flood,325,60,United States
2024-10-18 14:33:29,156.26.79.18,SYN flood,327,60,United States
2024-10-18 14:33:29,170.46.177.210,SYN flood,329,60,United States
2024-10-18 14:33:29,155.55.202.12,SYN flood,331,60,Norway
2024-10-18 14:33:29,99.41.203.88,SYN flood,333,60,United States
2024-10-18 14:33:29,19.5.20.25,SYN flood,335,60,United States
2024-10-18 14:33:29,205.220.121.202,SYN flood,337,60,United States
2024-10-18 14:33:29,51.52.9.107,SYN flood,339,60,United Kingdom
2024-10-18 14:33:29,5.96.122.208,SYN flood,341,60,Italy
2024-10-18 14:33:29,134.160.103.132,SYN flood,343,60,Japan
2024-10-18 14:33:29,96.173.165.95,SYN flood,345,60,United States
2024-10-18 14:33:29,98.4.201.208,SYN flood,347,60,United States
2024-10-18 14:33:33,188.18.77.96,SYN-ACK flood,1,60,Russia
2024-10-18 14:33:33,23.38.121.185,SYN-ACK flood,3,60,Austria
2024-10-18 14:33:33,162.173.109.27,SYN-ACK flood,5,60,United States
2024-10-18 14:33:33,152.195.97.132,SYN-ACK flood,7,60,United Kingdom
2024-10-18 14:33:33,63.76.94.215,SYN-ACK flood,9,60,United States
2024-10-18 14:33:33,173.166.211.172,SYN-ACK flood,11,60,United States
2024-10-18 14:33:33,139.188.16.115,SYN-ACK flood,13,60,United Kingdom
2024-10-18 14:33:33,85.69.124.70,SYN-ACK flood,15,60,France
2024-10-18 14:33:33,168.197.34.167,SYN-ACK flood,17,60,Brazil
2024-10-18 14:33:33,211.112.57.132,SYN-ACK flood,19,60,South Korea
2024-10-18 14:33:33,40.220.216.85,SYN-ACK flood,21,60,United States
2024-10-18 14:33:33,90.150.123.6,SYN-ACK flood,23,60,Russia
2024-10-18 14:33:33,156.143.102.208,SYN-ACK flood,25,60,United States
2024-10-18 14:33:33,112.20.183.96,SYN-ACK flood,27,60,China
2024-10-18 14:33:33,105.89.25.131,SYN-ACK flood,29,60,Egypt
2024-10-18 14:33:33,121.75.104.33,SYN-ACK flood,31,60,New Zealand
2024-10-18 14:33:33,175.80.171.222,SYN-ACK flood,33,60,China
2024-10-18 14:33:33,219.2.63.8,SYN-ACK flood,35,60,Japan
2024-10-18 14:33:33,123.115.139.113,SYN-ACK flood,37,60,China
2024-10-18 14:33:33,63.159.106.110,SYN-ACK flood,39,60,United States
2024-10-18 14:33:33,137.17.162.133,SYN-ACK flood,41,60,The Netherlands
2024-10-18 14:33:33,151.66.3.109,SYN-ACK flood,43,60,Italy
2024-10-18 14:33:33,131.104.82.211,SYN-ACK flood,45,60,Canada
2024-10-18 14:33:33,156.207.17.169,SYN-ACK flood,47,60,Egypt
2024-10-18 14:33:33,6.184.146.145,SYN-ACK flood,49,60,United States
2024-10-18 14:33:33,127.217.75.2,SYN-ACK flood,51,60,Unknown
2024-10-18 14:33:33,208.97.39.156,SYN-ACK flood,52,60,United States
2024-10-18 14:33:33,76.119.13.12,SYN-ACK flood,54,60,United States
2024-10-18 14:33:33,83.133.139.62,SYN-ACK flood,56,60,Germany
2024-10-18 14:33:33,123.10.163.162,SYN-ACK flood,58,60,China
2024-10-18 14:33:33,144.104.153.196,SYN-ACK flood,60,60,Germany
2024-10-18 14:33:33,223.20.154.207,SYN-ACK flood,62,60,China
2024-10-18 14:33:33,63.132.1.154,SYN-ACK flood,64,60,United States
2024-10-18 14:33:33,210.10.13.49,SYN-ACK flood,66,60,Singapore
2024-10-18 14:33:33,100.58.194.130,SYN-ACK flood,68,60,United States
2024-10-18 14:33:33,148.194.25.1,SYN-ACK flood,70,60,United States
2024-10-18 14:33:33,223.26.21.52,SYN-ACK flood,72,60,Afghanistan
2024-10-18 14:33:33,200.14.113.85,SYN-ACK flood,74,60,Colombia
2024-10-18 14:33:33,125.30.189.60,SYN-ACK flood,76,60,Japan
2024-10-18 14:33:33,199.142.208.49,SYN-ACK flood,78,60,United States
2024-10-18 14:33:33,110.207.109.160,SYN-ACK flood,80,60,China
2024-10-18 14:33:33,110.156.131.211,SYN-ACK flood,82,60,China
2024-10-18 14:33:33,142.219.93.88,SYN-ACK flood,84,60,Canada
2024-10-18 14:33:33,145.3.206.46,SYN-ACK flood,86,60,The Netherlands
2024-10-18 14:33:33,69.30.176.189,SYN-ACK flood,88,60,United States
2024-10-18 14:33:33,150.130.160.219,SYN-ACK flood,90,60,Germany
2024-10-18 14:33:33,187.9.22.34,SYN-ACK flood,92,60,Brazil
2024-10-18 14:33:33,17.117.73.43,SYN-ACK flood,94,60,United States
2024-10-18 14:33:33,107.1.130.187,SYN-ACK flood,96,60,United States
2024-10-18 14:33:33,97.9.126.43,SYN-ACK flood,98,60,United States
2024-10-18 14:33:33,127.52.194.59,SYN-ACK flood,100,60,Unknown
2024-10-18 14:33:33,4.210.117.118,SYN-ACK flood,101,60,Ireland
2024-10-18 14:33:33,185.158.204.151,SYN-ACK flood,103,60,Italy
2024-10-18 14:33:33,109.198.55.8,SYN-ACK flood,105,60,Turkey
2024-10-18 14:33:33,31.130.115.206,SYN-ACK flood,107,60,Russia
2024-10-18 14:33:33,160.15.118.41,SYN-ACK flood,109,60,Japan
2024-10-18 14:33:33,217.160.118.129,SYN-ACK flood,111,60,Germany
2024-10-18 14:33:33,214.127.72.167,SYN-ACK flood,113,60,United States
2024-10-18 14:33:33,149.139.169.189,SYN-ACK flood,115,60,Italy
2024-10-18 14:33:33,165.174.147.86,SYN-ACK flood,117,60,United States
2024-10-18 14:33:33,149.186.83.116,SYN-ACK flood,119,60,United States
2024-10-18 14:33:33,154.43.99.147,SYN-ACK flood,121,60,Canada
2024-10-18 14:33:33,213.159.60.196,SYN-ACK flood,123,60,Lithuania
2024-10-18 14:33:33,129.145.199.5,SYN-ACK flood,125,60,United Kingdom
2024-10-18 14:33:33,196.71.91.89,SYN-ACK flood,127,60,Morocco
2024-10-18 14:33:33,66.82.153.58,SYN-ACK flood,129,60,United States
2024-10-18 14:33:33,128.118.134.182,SYN-ACK flood,131,60,United States
2024-10-18 14:33:33,143.107.138.45,SYN-ACK flood,133,60,Brazil
2024-10-18 14:33:33,208.45.190.2,SYN-ACK flood,135,60,United States
2024-10-18 14:33:33,81.221.18.222,SYN-ACK flood,137,60,Switzerland
2024-10-18 14:33:33,188.121.206.157,SYN-ACK flood,139,60,Georgia
2024-10-18 14:33:33,189.27.141.57,SYN-ACK flood,141,60,Brazil
2024-10-18 14:33:33,99.71.3.128,SYN-ACK flood,143,60,United States
2024-10-18 14:33:33,214.167.146.142,SYN-ACK flood,145,60,United States
2024-10-18 14:33:33,116.12.36.51,SYN-ACK flood,147,60,Bangladesh
2024-10-18 14:33:33,205.154.132.91,SYN-ACK flood,149,60,United States
2024-10-18 14:33:33,119.92.20.134,SYN-ACK flood,151,60,Philippines
2024-10-18 14:33:33,103.200.178.211,SYN-ACK flood,153,60,China
2024-10-18 14:33:33,140.1.13.134,SYN-ACK flood,155,60,United States
2024-10-18 14:33:33,184.54.98.49,SYN-ACK flood,157,60,United States
2024-10-18 14:33:33,86.52.107.208,SYN-ACK flood,159,60,Denmark
2024-10-18 14:33:33,199.143.1.15,SYN-ACK flood,161,60,United States
2024-10-18 14:33:33,130.21.184.26,SYN-ACK flood,163,60,United States
2024-10-18 14:33:33,165.196.210.89,SYN-ACK flood,165,60,United States
2024-10-18 14:33:33,5.105.69.190,SYN-ACK flood,167,60,Spain
2024-10-18 14:33:33,116.187.92.101,SYN-ACK flood,169,60,China
2024-10-18 14:33:33,34.148.187.197,SYN-ACK flood,171,60,United States
2024-10-18 14:33:33,192.208.169.182,SYN-ACK flood,173,60,United States
2024-10-18 14:33:33,170.18.73.200,SYN-ACK flood,175,60,Chile
2024-10-18 14:33:33,67.160.30.23,SYN-ACK flood,177,60,United States
2024-10-18 14:33:33,214.101.163.88,SYN-ACK flood,179,60,United States
2024-10-18 14:33:33,85.124.50.15,SYN-ACK flood,181,60,Austria
2024-10-18 14:33:33,143.49.6.90,SYN-ACK flood,183,60,United States
2024-10-18 14:33:33,160.30.100.191,SYN-ACK flood,185,60,India
2024-10-18 14:33:33,216.47.111.63,SYN-ACK flood,187,60,United States
2024-10-18 14:33:33,164.122.56.140,SYN-ACK flood,189,60,United States
2024-10-18 14:33:33,45.38.24.10,SYN-ACK flood,191,60,United States
2024-10-18 14:33:33,200.150.158.9,SYN-ACK flood,193,60,Brazil
2024-10-18 14:33:33,210.162.155.168,SYN-ACK flood,195,60,Japan
2024-10-18 14:33:33,116.103.76.217,SYN-ACK flood,197,60,Vietnam
2024-10-18 14:33:33,212.147.148.200,SYN-ACK flood,199,60,Ireland
2024-10-18 14:33:33,149.187.25.178,SYN-ACK flood,201,60,United Kingdom
2024-10-18 14:33:33,116.202.91.67,SYN-ACK flood,203,60,Germany
2024-10-18 14:33:33,205.184.38.8,SYN-ACK flood,205,60,United States
2024-10-18 14:33:33,38.112.60.89,SYN-ACK flood,207,60,United States
2024-10-18 14:33:33,39.182.17.81,SYN-ACK flood,209,60,China
2024-10-18 14:33:33,199.199.196.11,SYN-ACK flood,211,60,United States
2024-10-18 14:33:33,103.186.128.202,SYN-ACK flood,213,60,India
2024-10-18 14:33:33,167.21.8.198,SYN-ACK flood,215,60,United States
2024-10-18 14:33:33,141.210.61.206,SYN-ACK flood,217,60,United States
2024-10-18 14:33:33,164.84.65.140,SYN-ACK flood,219,60,United States
2024-10-18 14:33:33,3.211.62.181,SYN-ACK flood,221,60,United States
2024-10-18 14:33:33,182.136.163.102,SYN-ACK flood,223,60,China
2024-10-18 14:33:33,156.17.84.131,SYN-ACK flood,225,60,Poland
2024-10-18 14:33:33,167.178.189.56,SYN-ACK flood,227,60,United States
2024-10-18 14:33:33,96.205.88.194,SYN-ACK flood,229,60,United States
2024-10-18 14:33:33,117.110.70.42,SYN-ACK flood,231,60,South Korea
2024-10-18 14:33:33,178.112.63.65,SYN-ACK flood,233,60,Austria
2024-10-18 14:33:33,144.216.197.219,SYN-ACK flood,235,60,United States
2024-10-18 14:33:33,47.71.4.1,SYN-ACK flood,237,60,Germany
2024-10-18 14:33:33,111.109.84.116,SYN-ACK flood,239,60,Japan
2024-10-18 14:33:33,70.10.87.196,SYN-ACK flood,241,60,United States
2024-10-18 14:33:33,100.60.171.162,SYN-ACK flood,243,60,United States
2024-10-18 14:33:33,125.21.218.125,SYN-ACK flood,245,60,India
2024-10-18 14:33:33,9.98.62.138,SYN-ACK flood,247,60,Canada
2024-10-18 14:33:33,93.89.161.172,SYN-ACK flood,249,60,Hungary
2024-10-18 14:33:33,109.172.159.10,SYN-ACK flood,251,60,Georgia
2024-10-18 14:33:33,5.145.221.144,SYN-ACK flood,253,60,Russia
2024-10-18 14:33:33,145.188.128.114,SYN-ACK flood,255,60,The Netherlands
2024-10-18 14:33:33,58.19.138.168,SYN-ACK flood,257,60,China
2024-10-18 14:33:33,1.172.95.181,SYN-ACK flood,259,60,Taiwan
2024-10-18 14:33:33,197.139.46.207,SYN-ACK flood,261,60,Kenya
2024-10-18 14:33:33,56.142.126.149,SYN-ACK flood,263,60,United States
2024-10-18 14:33:33,6.186.73.221,SYN-ACK flood,265,60,United States
2024-10-18 14:33:33,219.4.151.214,SYN-ACK flood,267,60,Japan
2024-10-18 14:33:33,189.181.30.50,SYN-ACK flood,269,60,Mexico
2024-10-18 14:33:33,140.44.116.188,SYN-ACK flood,271,60,United States
2024-10-18 14:33:33,180.45.124.168,SYN-ACK flood,273,60,Japan
2024-10-18 14:33:33,46.116.176.102,SYN-ACK flood,275,60,Israel
2024-10-18 14:33:33,77.103.86.35,SYN-ACK flood,277,60,United Kingdom
2024-10-18 14:33:33,30.185.66.52,SYN-ACK flood,279,60,United States
2024-10-18 14:33:33,156.132.183.164,SYN-ACK flood,281,60,United States
2024-10-18 14:33:33,192.222.190.117,SYN-ACK flood,283,60,Canada
2024-10-18 14:33:33,182.189.18.66,SYN-ACK flood,285,60,Pakistan
2024-10-18 14:33:33,143.68.53.155,SYN-ACK flood,287,60,United States
2024-10-18 14:33:33,200.196.108.80,SYN-ACK flood,289,60,Brazil
2024-10-18 14:33:33,63.84.82.208,SYN-ACK flood,291,60,United States
2024-10-18 14:33:33,176.10.74.27,SYN-ACK flood,293,60,Spain
2024-10-18 14:33:33,80.125.96.179,SYN-ACK flood,295,60,France
2024-10-18 14:33:33,46.38.45.221,SYN-ACK flood,297,60,Russia
2024-10-18 14:33:33,111.183.191.115,SYN-ACK flood,299,60,China
2024-10-18 14:33:33,98.172.160.181,SYN-ACK flood,301,60,United States
2024-10-18 14:33:33,68.77.153.72,SYN-ACK flood,303,60,United States
2024-10-18 14:33:33,211.22.75.201,SYN-ACK flood,305,60,Taiwan
2024-10-18 14:33:33,143.90.148.121,SYN-ACK flood,307,60,Japan
2024-10-18 14:33:33,37.200.67.73,SYN-ACK flood,309,60,Russia
2024-10-18 14:33:33,167.142.19.171,SYN-ACK flood,311,60,United States
2024-10-18 14:33:33,29.219.10.191,SYN-ACK flood,313,60,United States
2024-10-18 14:33:33,188.198.136.100,SYN-ACK flood,315,60,Slovenia
2024-10-18 14:33:33,67.179.214.55,SYN-ACK flood,317,60,United States
2024-10-18 14:33:33,40.168.151.52,SYN-ACK flood,319,60,United States
2024-10-18 14:33:33,100.71.79.76,SYN-ACK flood,321,60,Unknown
2024-10-18 14:33:33,23.101.219.207,SYN-ACK flood,323,60,Australia
2024-10-18 14:33:33,60.150.88.97,SYN-ACK flood,325,60,Japan
2024-10-18 14:33:33,172.220.7.192,SYN-ACK flood,327,60,United States
2024-10-18 14:33:33,14.25.187.94,SYN-ACK flood,329,60,China
2024-10-18 14:33:33,209.34.209.139,SYN-ACK flood,331,60,United States
2024-10-18 14:33:33,214.111.93.113,SYN-ACK flood,333,60,United States
2024-10-18 14:33:33,102.208.78.156,SYN-ACK flood,335,60,Tanzania
2024-10-18 14:33:33,90.80.17.80,SYN-ACK flood,337,60,France
2024-10-18 14:33:33,117.91.23.98,SYN-ACK flood,339,60,China
2024-10-18 14:33:33,222.94.199.207,SYN-ACK flood,341,60,China
2024-10-18 14:33:33,41.197.54.150,SYN-ACK flood,343,60,Rwanda
2024-10-18 14:33:33,3.23.151.118,SYN-ACK flood,345,60,United States
2024-10-18 14:33:33,218.207.218.208,SYN-ACK flood,347,60,China
2024-10-18 14:33:33,31.171.56.193,SYN-ACK flood,349,60,Azerbaijan
2024-10-18 14:33:37,189.120.195.63,Ping of Death,1,1042,Brazil
2024-10-18 14:33:37,192.168.132.128,Ping of Death,2,1042,Unknown
2024-10-18 14:33:37,156.29.177.24,Ping of Death,3,1042,United States
2024-10-18 14:33:37,192.168.132.128,Ping of Death,4,2084,Unknown
2024-10-18 14:33:37,9.92.43.128,Ping of Death,5,1042,Canada
2024-10-18 14:33:37,192.168.132.128,Ping of Death,6,3126,Unknown
2024-10-18 14:33:37,83.66.186.54,Ping of Death,7,1042,Turkey
2024-10-18 14:33:37,192.168.132.128,Ping of Death,8,4168,Unknown
2024-10-18 14:33:37,144.108.175.201,Ping of Death,9,1042,United States
2024-10-18 14:33:37,192.168.132.128,Ping of Death,10,5210,Unknown
2024-10-18 14:33:37,215.29.218.3,Ping of Death,11,1042,United States
2024-10-18 14:33:37,192.168.132.128,Ping of Death,12,6252,Unknown
2024-10-18 14:33:37,11.163.87.140,Ping of Death,13,1042,United States
2024-10-18 14:33:37,192.168.132.128,Ping of Death,14,7294,Unknown
2024-10-18 14:33:37,142.72.190.64,Ping of Death,15,1042,Canada
2024-10-18 14:33:37,192.168.132.128,Ping of Death,16,8336,Unknown
2024-10-18 14:33:37,178.223.126.161,Ping of Death,17,1042,Serbia
2024-10-18 14:33:37,192.168.132.128,Ping of Death,18,9378,Unknown
2024-10-18 14:33:37,187.36.123.184,Ping of Death,19,1042,Brazil
2024-10-18 14:33:37,192.168.132.128,Ping of Death,20,10420,Unknown
2024-10-18 14:33:37,48.55.200.11,Ping of Death,21,1042,United States
2024-10-18 14:33:37,192.168.132.128,Ping of Death,22,11462,Unknown
2024-10-18 14:33:37,55.214.97.99,Ping of Death,23,1042,United States
2024-10-18 14:33:37,192.168.132.128,Ping of Death,24,12504,Unknown
2024-10-18 14:33:37,41.195.202.223,Ping of Death,25,1042,South Africa
2024-10-18 14:33:37,192.168.132.128,Ping of Death,26,13546,Unknown
2024-10-18 14:33:37,91.152.168.87,Ping of Death,27,1042,Finland
2024-10-18 14:33:37,192.168.132.128,Ping of Death,28,14588,Unknown
2024-10-18 14:33:37,69.173.19.5,Ping of Death,29,1042,United States
2024-10-18 14:33:37,192.168.132.128,Ping of Death,30,15630,Unknown
2024-10-18 14:33:37,178.47.217.183,Ping of Death,31,1042,Russia
2024-10-18 14:33:37,192.168.132.128,Ping of Death,32,16672,Unknown
2024-10-18 14:33:37,98.91.35.104,Ping of Death,33,1042,United States
2024-10-18 14:33:37,192.168.132.128,Ping of Death,34,17714,Unknown
2024-10-18 14:33:37,176.45.39.3,Ping of Death,35,1042,Saudi Arabia
2024-10-18 14:33:37,192.168.132.128,Ping of Death,36,18756,Unknown
2024-10-18 14:33:37,154.143.34.110,Ping of Death,37,1042,Egypt
2024-10-18 14:33:37,192.168.132.128,Ping of Death,38,19798,Unknown
2024-10-18 14:33:37,78.166.157.31,Ping of Death,39,1042,TÃ¼rkiye
2024-10-18 14:33:37,192.168.132.128,Ping of Death,40,20840,Unknown
2024-10-18 14:33:37,15.149.60.216,Ping of Death,41,1042,Canada
2024-10-18 14:33:37,192.168.132.128,Ping of Death,42,21882,Unknown
2024-10-18 14:33:37,120.104.17.94,Ping of Death,43,1042,Taiwan
2024-10-18 14:33:37,192.168.132.128,Ping of Death,44,22924,Unknown
2024-10-18 14:33:37,156.186.168.57,Ping of Death,45,1042,Egypt
2024-10-18 14:33:37,192.168.132.128,Ping of Death,46,23966,Unknown
2024-10-18 14:33:37,41.163.26.76,Ping of Death,47,1042,South Africa
2024-10-18 14:33:37,192.168.132.128,Ping of Death,48,25008,Unknown
2024-10-18 14:33:37,73.96.41.203,Ping of Death,49,1042,United States
2024-10-18 14:33:37,192.168.132.128,Ping of Death,50,26050,Unknown
2024-10-18 14:33:37,180.162.171.206,Ping of Death,51,1042,China
2024-10-18 14:33:37,192.168.132.128,Ping of Death,52,27092,Unknown
2024-10-18 14:33:37,185.205.187.131,Ping of Death,53,1042,Cyprus
2024-10-18 14:33:37,192.168.132.128,Ping of Death,54,28134,Unknown
2024-10-18 14:33:37,198.69.47.143,Ping of Death,55,1042,Puerto Rico
2024-10-18 14:33:37,192.168.132.128,Ping of Death,56,29176,Unknown
2024-10-18 14:33:37,204.12.15.33,Ping of Death,57,1042,United States
2024-10-18 14:33:37,192.168.132.128,Ping of Death,58,30218,Unknown
2024-10-18 14:33:37,71.44.87.139,Ping of Death,59,1042,United States
2024-10-18 14:33:37,192.168.132.128,Ping of Death,60,31260,Unknown
2024-10-18 14:33:37,189.44.126.205,Ping of Death,61,1042,Brazil
2024-10-18 14:33:37,192.168.132.128,Ping of Death,62,32302,Unknown
2024-10-18 14:33:37,122.74.206.59,Ping of Death,63,1042,China
2024-10-18 14:33:37,192.168.132.128,Ping of Death,64,33344,Unknown
2024-10-18 14:33:37,70.21.175.32,Ping of Death,65,1042,United States
2024-10-18 14:33:37,192.168.132.128,Ping of Death,66,34386,Unknown
2024-10-18 14:33:37,53.221.143.56,Ping of Death,67,1042,Germany
2024-10-18 14:33:37,192.168.132.128,Ping of Death,68,35428,Unknown
2024-10-18 14:33:37,113.192.33.3,Ping of Death,69,1042,Indonesia
2024-10-18 14:33:37,192.168.132.128,Ping of Death,70,36470,Unknown
2024-10-18 14:33:37,48.106.18.108,Ping of Death,71,1042,United States
2024-10-18 14:33:37,192.168.132.128,Ping of Death,72,37512,Unknown
2024-10-18 14:33:37,140.189.126.201,Ping of Death,73,1042,United States
2024-10-18 14:33:37,192.168.132.128,Ping of Death,74,38554,Unknown
2024-10-18 14:33:37,103.213.147.2,Ping of Death,75,1042,China
2024-10-18 14:33:37,192.168.132.128,Ping of Death,76,39596,Unknown
2024-10-18 14:33:37,104.61.48.200,Ping of Death,77,1042,United States
2024-10-18 14:33:37,192.168.132.128,Ping of Death,78,40638,Unknown
2024-10-18 14:33:37,87.219.56.70,Ping of Death,79,1042,Spain
2024-10-18 14:33:37,192.168.132.128,Ping of Death,80,41680,Unknown
2024-10-18 14:33:37,210.196.151.93,Ping of Death,81,1042,Japan
2024-10-18 14:33:37,192.168.132.128,Ping of Death,82,42722,Unknown
2024-10-18 14:33:37,110.191.164.93,Ping of Death,83,1042,China
2024-10-18 14:33:37,192.168.132.128,Ping of Death,84,43764,Unknown
2024-10-18 14:33:37,203.169.50.88,Ping of Death,85,1042,Mongolia
2024-10-18 14:33:37,192.168.132.128,Ping of Death,86,44806,Unknown
2024-10-18 14:33:37,92.34.73.61,Ping of Death,87,1042,Sweden
2024-10-18 14:33:37,192.168.132.128,Ping of Death,88,45848,Unknown
2024-10-18 14:33:37,128.217.86.26,Ping of Death,89,1042,United States
2024-10-18 14:33:37,192.168.132.128,Ping of Death,90,46890,Unknown
2024-10-18 14:33:37,197.99.158.156,Ping of Death,91,1042,South Africa
2024-10-18 14:33:37,192.168.132.128,Ping of Death,92,47932,Unknown
2024-10-18 14:33:37,19.65.167.195,Ping of Death,93,1042,United States
2024-10-18 14:33:37,192.168.132.128,Ping of Death,94,48974,Unknown
2024-10-18 14:33:37,186.82.166.124,Ping of Death,95,1042,Colombia
2024-10-18 14:33:37,192.168.132.128,Ping of Death,96,50016,Unknown
2024-10-18 14:33:37,115.135.190.139,Ping of Death,97,1042,Malaysia
2024-10-18 14:33:37,192.168.132.128,Ping of Death,98,51058,Unknown
2024-10-18 14:33:37,42.92.19.60,Ping of Death,99,1042,China
2024-10-18 14:33:37,192.168.132.128,Ping of Death,100,52100,Unknown
2024-10-18 14:33:37,63.25.116.221,Ping of Death,101,1042,United States
2024-10-18 14:33:37,192.168.132.128,Ping of Death,102,53142,Unknown
2024-10-18 14:33:37,169.166.44.37,Ping of Death,103,1042,United States
2024-10-18 14:33:37,192.168.132.128,Ping of Death,104,54184,Unknown
2024-10-18 14:33:37,91.55.61.10,Ping of Death,105,1042,Germany
2024-10-18 14:33:37,192.168.132.128,Ping of Death,106,55226,Unknown
2024-10-18 14:33:37,79.115.2.7,Ping of Death,107,1042,Romania
2024-10-18 14:33:37,192.168.132.128,Ping of Death,108,56268,Unknown
2024-10-18 14:33:37,207.158.60.35,Ping of Death,109,1042,United States
2024-10-18 14:33:37,192.168.132.128,Ping of Death,110,57310,Unknown
2024-10-18 14:33:37,117.169.47.133,Ping of Death,111,1042,China
2024-10-18 14:33:37,192.168.132.128,Ping of Death,112,58352,Unknown
2024-10-18 14:33:37,148.22.107.132,Ping of Death,113,1042,United States
2024-10-18 14:33:37,192.168.132.128,Ping of Death,114,59394,Unknown
2024-10-18 14:33:37,91.214.143.217,Ping of Death,115,1042,Russia
2024-10-18 14:33:37,192.168.132.128,Ping of Death,116,60436,Unknown
2024-10-18 14:33:37,220.145.36.82,Ping of Death,117,1042,Japan
2024-10-18 14:33:37,192.168.132.128,Ping of Death,118,61478,Unknown
2024-10-18 14:33:37,25.15.65.41,Ping of Death,119,1042,United Kingdom
2024-10-18 14:33:37,192.168.132.128,Ping of Death,120,62520,Unknown
2024-10-18 14:33:37,4.142.15.197,Ping of Death,121,1042,United States
2024-10-18 14:33:37,192.168.132.128,Ping of Death,122,63562,Unknown
2024-10-18 14:33:37,3.86.198.164,Ping of Death,123,1042,United States
2024-10-18 14:33:37,192.168.132.128,Ping of Death,124,64604,Unknown
2024-10-18 14:33:37,200.31.101.200,Ping of Death,125,1042,Peru
2024-10-18 14:33:37,192.168.132.128,Ping of Death,126,65646,Unknown
2024-10-18 14:33:37,112.7.178.8,Ping of Death,127,1042,China
2024-10-18 14:33:37,192.168.132.128,Ping of Death,128,66688,Unknown
2024-10-18 14:33:37,31.195.16.25,Ping of Death,129,1042,Italy
2024-10-18 14:33:37,192.168.132.128,Ping of Death,130,67730,Unknown
2024-10-18 14:33:37,67.15.14.99,Ping of Death,131,1042,United States
2024-10-18 14:33:37,192.168.132.128,Ping of Death,132,0,Unknown
2024-10-18 14:33:37,133.168.192.162,Ping of Death,133,1042,Japan
2024-10-18 14:33:37,192.168.132.128,Ping of Death,134,1042,Unknown
2024-10-18 14:33:37,53.111.123.115,Ping of Death,135,1042,Germany
2024-10-18 14:33:37,192.168.132.128,Ping of Death,136,2084,Unknown
2024-10-18 14:33:37,5.213.93.16,Ping of Death,137,1042,Iran
2024-10-18 14:33:37,192.168.132.128,Ping of Death,138,3126,Unknown
2024-10-18 14:33:37,38.111.194.194,Ping of Death,139,1042,United States
2024-10-18 14:33:37,192.168.132.128,Ping of Death,140,4168,Unknown
2024-10-18 14:33:37,105.64.211.58,Ping of Death,141,1042,Morocco
2024-10-18 14:33:37,192.168.132.128,Ping of Death,142,5210,Unknown
2024-10-18 14:33:37,177.124.172.143,Ping of Death,143,1042,Brazil
2024-10-18 14:33:37,192.168.132.128,Ping of Death,144,6252,Unknown
2024-10-18 14:33:37,45.72.194.83,Ping of Death,145,1042,Canada
2024-10-18 14:33:37,192.168.132.128,Ping of Death,146,7294,Unknown
2024-10-18 14:33:37,117.214.130.145,Ping of Death,147,1042,India
2024-10-18 14:33:37,192.168.132.128,Ping of Death,148,8336,Unknown
2024-10-18 14:33:37,151.41.161.132,Ping of Death,149,1042,Italy
2024-10-18 14:33:37,192.168.132.128,Ping of Death,150,9378,Unknown
2024-10-18 14:33:37,200.48.13.130,Ping of Death,151,1042,Peru
2024-10-18 14:33:37,192.168.132.128,Ping of Death,152,10420,Unknown
2024-10-18 14:33:37,163.53.220.96,Ping of Death,153,1042,Australia
2024-10-18 14:33:37,192.168.132.128,Ping of Death,154,11462,Unknown
2024-10-18 14:33:37,30.93.174.153,Ping of Death,155,1042,United States
2024-10-18 14:33:37,192.168.132.128,Ping of Death,156,12504,Unknown
2024-10-18 14:33:37,111.69.10.46,Ping of Death,157,1042,New Zealand
2024-10-18 14:33:37,192.168.132.128,Ping of Death,158,13546,Unknown
2024-10-18 14:33:37,183.211.203.184,Ping of Death,159,1042,China
2024-10-18 14:33:37,192.168.132.128,Ping of Death,160,14588,Unknown
2024-10-18 14:33:37,158.160.53.119,Ping of Death,161,1042,Russia
2024-10-18 14:33:37,192.168.132.128,Ping of Death,162,15630,Unknown
2024-10-18 14:33:37,53.15.204.10,Ping of Death,163,1042,Germany
2024-10-18 14:33:37,192.168.132.128,Ping of Death,164,16672,Unknown
2024-10-18 14:33:37,106.28.51.115,Ping of Death,165,1042,China
2024-10-18 14:33:37,192.168.132.128,Ping of Death,166,17714,Unknown
2024-10-18 14:33:37,41.93.105.108,Ping of Death,167,1042,Tanzania
2024-10-18 14:33:37,192.168.132.128,Ping of Death,168,18756,Unknown
2024-10-18 14:33:37,164.175.201.104,Ping of Death,169,1042,United States
2024-10-18 14:33:37,192.168.132.128,Ping of Death,170,19798,Unknown
2024-10-18 14:33:37,59.3.111.180,Ping of Death,171,1042,South Korea
2024-10-18 14:33:37,192.168.132.128,Ping of Death,172,20840,Unknown
2024-10-18 14:33:37,20.98.163.36,Ping of Death,173,1042,United States
2024-10-18 14:33:37,192.168.132.128,Ping of Death,174,21882,Unknown
2024-10-18 14:33:37,1.10.76.54,Ping of Death,175,1042,China
2024-10-18 14:33:37,192.168.132.128,Ping of Death,176,22924,Unknown
2024-10-18 14:33:37,199.123.218.47,Ping of Death,177,1042,United States
2024-10-18 14:33:37,192.168.132.128,Ping of Death,178,23966,Unknown
2024-10-18 14:33:37,140.93.75.4,Ping of Death,179,1042,France
2024-10-18 14:33:37,192.168.132.128,Ping of Death,180,25008,Unknown
2024-10-18 14:33:37,200.36.63.54,Ping of Death,181,1042,Mexico
2024-10-18 14:33:37,192.168.132.128,Ping of Death,182,26050,Unknown
2024-10-18 14:33:37,169.54.197.205,Ping of Death,183,1042,United States
2024-10-18 14:33:37,192.168.132.128,Ping of Death,184,27092,Unknown
2024-10-18 14:33:37,72.210.174.173,Ping of Death,185,1042,United States
2024-10-18 14:33:37,192.168.132.128,Ping of Death,186,28134,Unknown
2024-10-18 14:33:37,203.114.60.129,Ping of Death,187,1042,Japan
2024-10-18 14:33:37,192.168.132.128,Ping of Death,188,29176,Unknown
2024-10-18 14:33:37,107.1.217.103,Ping of Death,189,1042,United States
2024-10-18 14:33:37,192.168.132.128,Ping of Death,190,30218,Unknown
2024-10-18 14:33:37,189.28.150.192,Ping of Death,191,1042,Brazil
2024-10-18 14:33:37,192.168.132.128,Ping of Death,192,31260,Unknown
2024-10-18 14:33:37,108.151.145.126,Ping of Death,193,1042,United States
2024-10-18 14:33:37,192.168.132.128,Ping of Death,194,32302,Unknown
2024-10-18 14:33:37,80.40.159.155,Ping of Death,195,1042,United Kingdom
2024-10-18 14:33:37,192.168.132.128,Ping of Death,196,33344,Unknown
2024-10-18 14:33:37,157.193.43.60,Ping of Death,197,1042,Belgium
2024-10-18 14:33:37,192.168.132.128,Ping of Death,198,34386,Unknown
2024-10-18 14:33:37,117.55.202.55,Ping of Death,199,1042,The Netherlands
2024-10-18 14:33:37,192.168.132.128,Ping of Death,200,35428,Unknown
2024-10-18 14:33:37,84.133.85.57,Ping of Death,201,1042,Germany
2024-10-18 14:33:37,192.168.132.128,Ping of Death,202,36470,Unknown
2024-10-18 14:33:37,23.150.80.136,Ping of Death,203,1042,United States
2024-10-18 14:33:37,192.168.132.128,Ping of Death,204,37512,Unknown
2024-10-18 14:33:37,70.220.65.81,Ping of Death,205,1042,United States
2024-10-18 14:33:37,192.168.132.128,Ping of Death,206,38554,Unknown
2024-10-18 14:33:37,141.109.67.182,Ping of Death,207,1042,Canada
2024-10-18 14:33:37,192.168.132.128,Ping of Death,208,39596,Unknown
2024-10-18 14:33:37,211.45.8.125,Ping of Death,209,1042,South Korea
2024-10-18 14:33:37,192.168.132.128,Ping of Death,210,40638,Unknown
2024-10-18 14:33:37,17.7.168.135,Ping of Death,211,1042,United States
2024-10-18 14:33:37,192.168.132.128,Ping of Death,212,41680,Unknown
2024-10-18 14:33:37,208.4.174.211,Ping of Death,213,1042,United States
2024-10-18 14:33:37,192.168.132.128,Ping of Death,214,42722,Unknown
2024-10-18 14:33:40,192.168.132.128,Smurf,1,60,Unknown
2024-10-18 14:33:40,192.168.132.128,Smurf,2,120,Unknown
2024-10-18 14:33:40,192.168.132.128,Smurf,3,180,Unknown
2024-10-18 14:33:40,192.168.132.128,Smurf,4,240,Unknown
2024-10-18 14:33:40,192.168.132.128,Smurf,5,300,Unknown
2024-10-18 14:33:40,192.168.132.128,Smurf,6,360,Unknown
2024-10-18 14:33:40,192.168.132.128,Smurf,7,420,Unknown
2024-10-18 14:33:40,192.168.132.128,Smurf,8,480,Unknown
2024-10-18 14:33:40,192.168.132.128,Smurf,9,540,Unknown
2024-10-18 14:33:40,192.168.132.128,Smurf,10,600,Unknown
2024-10-18 14:33:40,192.168.132.128,Smurf,11,660,Unknown
2024-10-18 14:33:40,192.168.132.128,Smurf,12,720,Unknown
2024-10-18 14:33:40,192.168.132.128,Smurf,13,780,Unknown
2024-10-18 14:33:40,192.168.132.128,Smurf,14,840,Unknown
2024-10-18 14:33:40,192.168.132.128,Smurf,15,900,Unknown
2024-10-18 14:33:40,192.168.132.128,Smurf,16,960,Unknown
2024-10-18 14:33:40,192.168.132.128,Smurf,17,1020,Unknown
2024-10-18 14:33:40,192.168.132.128,Smurf,18,1080,Unknown
2024-10-18 14:33:40,192.168.132.128,Smurf,19,1140,Unknown
2024-10-18 14:33:40,192.168.132.128,Smurf,20,1200,Unknown
2024-10-18 14:33:40,192.168.132.128,Smurf,21,1260,Unknown
2024-10-18 14:33:40,192.168.132.128,Smurf,22,1320,Unknown
2024-10-18 14:33:40,192.168.132.128,Smurf,23,1380,Unknown
2024-10-18 14:33:40,192.168.132.128,Smurf,24,1440,Unknown
2024-10-18 14:33:40,192.168.132.128,Smurf,25,1500,Unknown
2024-10-18 14:33:40,192.168.132.128,Smurf,26,1560,Unknown
2024-10-18 14:33:40,192.168.132.128,Smurf,27,1620,Unknown
2024-10-18 14:33:40,192.168.132.128,Smurf,28,1680,Unknown
2024-10-18 14:33:40,192.168.132.128,Smurf,29,1740,Unknown
2024-10-18 14:33:40,192.168.132.128,Smurf,30,1800,Unknown
2024-10-18 14:33:40,192.168.132.128,Smurf,31,1860,Unknown
2024-10-18 14:33:40,192.168.132.128,Smurf,32,1920,Unknown
2024-10-18 14:33:40,192.168.132.128,Smurf,33,1980,Unknown
2024-10-18 14:33:40,192.168.132.128,Smurf,34,2040,Unknown
2024-10-18 14:33:40,192.168.132.128,Smurf,35,2100,Unknown
2024-10-18 14:33:40,192.168.132.128,Smurf,36,2160,Unknown
2024-10-18 14:33:40,192.168.132.128,Smurf,37,2220,Unknown
2024-10-18 14:33:40,192.168.132.128,Smurf,38,2280,Unknown
2024-10-18 14:33:40,192.168.132.128,Smurf,39,2340,Unknown
2024-10-18 14:33:40,192.168.132.128,Smurf,40,2400,Unknown
2024-10-18 14:33:40,192.168.132.128,Smurf,41,2460,Unknown
2024-10-18 14:33:40,192.168.132.128,Smurf,42,2520,Unknown
2024-10-18 14:33:40,192.168.132.128,Smurf,43,2580,Unknown
2024-10-18 14:33:40,192.168.132.128,Smurf,44,2640,Unknown
2024-10-18 14:33:40,192.168.132.128,Smurf,45,2700,Unknown
2024-10-18 14:33:40,192.168.132.128,Smurf,46,2760,Unknown
2024-10-18 14:33:40,192.168.132.128,Smurf,47,2820,Unknown
2024-10-18 14:33:40,192.168.132.128,Smurf,48,2880,Unknown
2024-10-18 14:33:40,192.168.132.128,Smurf,49,2940,Unknown
2024-10-18 14:33:40,192.168.132.128,Smurf,50,3000,Unknown
2024-10-18 14:33:40,192.168.132.128,Smurf,51,3060,Unknown
2024-10-18 14:33:40,192.168.132.128,Smurf,52,3120,Unknown
2024-10-18 14:33:40,192.168.132.128,Smurf,53,3180,Unknown
2024-10-18 14:33:40,192.168.132.128,Smurf,54,3240,Unknown
2024-10-18 14:33:40,192.168.132.128,Smurf,55,3300,Unknown
2024-10-18 14:33:40,192.168.132.128,Smurf,56,3360,Unknown
2024-10-18 14:33:40,192.168.132.128,Smurf,57,3420,Unknown
2024-10-18 14:33:40,192.168.132.128,Smurf,58,3480,Unknown
2024-10-18 14:33:40,192.168.132.128,Smurf,59,3540,Unknown
2024-10-18 14:33:40,192.168.132.128,Smurf,60,3600,Unknown
2024-10-18 14:33:40,192.168.132.128,Smurf,61,3660,Unknown
2024-10-18 14:33:40,192.168.132.128,Smurf,62,3720,Unknown
2024-10-18 14:33:40,192.168.132.128,Smurf,63,3780,Unknown
2024-10-18 14:33:40,192.168.132.128,Smurf,64,3840,Unknown
2024-10-18 14:33:40,192.168.132.128,Smurf,65,3900,Unknown
2024-10-18 14:33:40,192.168.132.128,Smurf,66,3960,Unknown
2024-10-18 14:33:40,192.168.132.128,Smurf,67,4020,Unknown
2024-10-18 14:33:40,192.168.132.128,Smurf,68,4080,Unknown
2024-10-18 14:33:40,192.168.132.128,Smurf,69,4140,Unknown
2024-10-18 14:33:40,192.168.132.128,Smurf,70,4200,Unknown
2024-10-18 14:33:40,192.168.132.128,Smurf,71,4260,Unknown
2024-10-18 14:33:40,192.168.132.128,Smurf,72,4320,Unknown
2024-10-18 14:33:40,192.168.132.128,Smurf,73,4380,Unknown
2024-10-18 14:33:40,192.168.132.128,Smurf,74,4440,Unknown
2024-10-18 14:33:40,192.168.132.128,Smurf,75,4500,Unknown
2024-10-18 14:33:40,192.168.132.128,Smurf,76,4560,Unknown
2024-10-18 14:33:40,192.168.132.128,Smurf,77,4620,Unknown
2024-10-18 14:33:40,192.168.132.128,Smurf,78,4680,Unknown
2024-10-18 14:33:40,192.168.132.128,Smurf,79,4740,Unknown
2024-10-18 14:33:40,192.168.132.128,Smurf,80,4800,Unknown
2024-10-18 14:33:40,192.168.132.128,Smurf,81,4860,Unknown
2024-10-18 14:33:40,192.168.132.128,Smurf,82,4920,Unknown
2024-10-18 14:33:40,192.168.132.128,Smurf,83,4980,Unknown
2024-10-18 14:33:40,192.168.132.128,Smurf,84,5040,Unknown
2024-10-18 14:33:40,192.168.132.128,Smurf,85,5100,Unknown
2024-10-18 14:33:40,192.168.132.128,Smurf,86,5160,Unknown
2024-10-18 14:33:40,192.168.132.128,Smurf,87,5220,Unknown
2024-10-18 14:33:40,192.168.132.128,Smurf,88,5280,Unknown
2024-10-18 14:33:40,192.168.132.128,Smurf,89,5340,Unknown
2024-10-18 14:33:40,192.168.132.128,Smurf,90,5400,Unknown
2024-10-18 14:33:40,192.168.132.128,Smurf,91,5460,Unknown
2024-10-18 14:33:40,192.168.132.128,Smurf,92,5520,Unknown
2024-10-18 14:33:40,192.168.132.128,Smurf,93,5580,Unknown
2024-10-18 14:33:40,192.168.132.128,Smurf,94,5640,Unknown
2024-10-18 14:33:40,192.168.132.128,Smurf,95,5700,Unknown
2024-10-18 14:33:40,192.168.132.128,Smurf,96,5760,Unknown
2024-10-18 14:33:40,192.168.132.128,Smurf,97,5820,Unknown
2024-10-18 14:33:40,192.168.132.128,Smurf,98,5880,Unknown
2024-10-18 14:33:40,192.168.132.128,Smurf,99,5940,Unknown
2024-10-18 14:33:40,192.168.132.128,Smurf,100,6000,Unknown
2024-10-18 14:33:40,192.168.132.128,Smurf,101,6060,Unknown
2024-10-18 14:33:40,192.168.132.128,Smurf,102,6120,Unknown
2024-10-18 14:33:40,192.168.132.128,Smurf,103,6180,Unknown
2024-10-18 14:33:40,192.168.132.128,Smurf,104,6240,Unknown
2024-10-18 14:33:40,192.168.132.128,Smurf,105,6300,Unknown
2024-10-18 14:33:40,192.168.132.128,Smurf,106,6360,Unknown
2024-10-18 14:33:40,192.168.132.128,Smurf,107,6420,Unknown
2024-10-18 14:33:40,192.168.132.128,Smurf,108,6480,Unknown
2024-10-18 14:33:40,192.168.132.128,Smurf,109,6540,Unknown
2024-10-18 14:33:40,192.168.132.128,Smurf,110,6600,Unknown
2024-10-18 14:33:40,192.168.132.128,Smurf,111,6660,Unknown
2024-10-18 14:33:40,192.168.132.128,Smurf,112,6720,Unknown
2024-10-18 14:33:40,192.168.132.128,Smurf,113,6780,Unknown
2024-10-18 14:33:40,192.168.132.128,Smurf,114,6840,Unknown
2024-10-18 14:33:40,192.168.132.128,Smurf,115,6900,Unknown
2024-10-18 14:33:40,192.168.132.128,Smurf,116,6960,Unknown
2024-10-18 14:33:40,192.168.132.128,Smurf,117,7020,Unknown
2024-10-18 14:33:40,192.168.132.128,Smurf,118,7080,Unknown
2024-10-18 14:33:40,192.168.132.128,Smurf,119,7140,Unknown
2024-10-18 14:33:40,192.168.132.128,Smurf,120,7200,Unknown
2024-10-18 14:33:40,192.168.132.128,Smurf,121,7260,Unknown
2024-10-18 14:33:40,192.168.132.128,Smurf,122,7320,Unknown
